county,year,value
Appling,2018,27.659574468085108
Appling,2019,25.37313432835821
Appling,2020,21.374045801526716
Appling,2021,28.78787878787879
Appling,2022,24.62686567164179
Appling,2023,28.8135593220339
Appling,2024,25.352112676056336
Atkinson,2018,17.56756756756757
Atkinson,2019,15.714285714285714
Atkinson,2020,24.637681159420293
Atkinson,2021,13.20754716981132
Atkinson,2022,17.1875
Atkinson,2023,28.000000000000004
Atkinson,2024,24.615384615384617
Bacon,2018,34.065934065934066
Bacon,2019,25
Bacon,2020,28.037383177570092
Bacon,2021,29.166666666666668
Bacon,2022,25.97402597402597
Bacon,2023,17.894736842105264
Bacon,2024,25.806451612903224
Baker,2018,38.095238095238095
Baker,2019,33.33333333333333
Baker,2020,35.714285714285715
Baker,2021,40
Baker,2022,-5
Baker,2023,33.33333333333333
Baker,2024,-5
Baldwin,2018,19.172932330827066
Baldwin,2019,24.892703862660944
Baldwin,2020,28.991596638655466
Baldwin,2021,24.347826086956523
Baldwin,2022,29.43722943722944
Baldwin,2023,26.10619469026549
Baldwin,2024,23.949579831932773
Banks,2018,29.629629629629626
Banks,2019,28.205128205128204
Banks,2020,29.906542056074763
Banks,2021,18.045112781954884
Banks,2022,25.196850393700785
Banks,2023,27.586206896551722
Banks,2024,24.161073825503358
Barrow,2018,26.916802610114193
Barrow,2019,21.69657422512235
Barrow,2020,21.333333333333336
Barrow,2021,21.50537634408602
Barrow,2022,26.067073170731707
Barrow,2023,24.594992636229748
Barrow,2024,25.119236883942765
Bartow,2018,25.348189415041784
Bartow,2019,23.88059701492537
Bartow,2020,25.35760728218466
Bartow,2021,24.59016393442623
Bartow,2022,24.587912087912088
Bartow,2023,25.798212005108557
Bartow,2024,27.04714640198511
Ben Hill,2018,22.131147540983605
Ben Hill,2019,23.448275862068964
Ben Hill,2020,27.500000000000004
Ben Hill,2021,27.34375
Ben Hill,2022,23.770491803278688
Ben Hill,2023,28.431372549019606
Ben Hill,2024,27.027027027027028
Berrien,2018,28.37837837837838
Berrien,2019,29.22077922077922
Berrien,2020,28.888888888888886
Berrien,2021,32.231404958677686
Berrien,2022,32.33082706766917
Berrien,2023,28.346456692913385
Berrien,2024,27.00729927007299
Bibb,2018,29.17369308600337
Bibb,2019,27.22772277227723
Bibb,2020,29.142857142857142
Bibb,2021,28.820598006644516
Bibb,2022,29.200652528548126
Bibb,2023,25.57726465364121
Bibb,2024,27.77777777777778
Bleckley,2018,24.675324675324674
Bleckley,2019,19.565217391304348
Bleckley,2020,28.235294117647058
Bleckley,2021,25
Bleckley,2022,25.757575757575758
Bleckley,2023,21.59090909090909
Bleckley,2024,30.263157894736842
Brantley,2018,29.45205479452055
Brantley,2019,27.559055118110237
Brantley,2020,27.131782945736433
Brantley,2021,28.07017543859649
Brantley,2022,29.6875
Brantley,2023,37.06896551724138
Brantley,2024,36.885245901639344
Brooks,2018,30.76923076923077
Brooks,2019,25.454545454545453
Brooks,2020,29.7029702970297
Brooks,2021,21.052631578947366
Brooks,2022,33.980582524271846
Brooks,2023,26.41509433962264
Brooks,2024,25.688073394495415
Bryan,2018,22.641509433962266
Bryan,2019,20.3125
Bryan,2020,20.949720670391063
Bryan,2021,19.346049046321525
Bryan,2022,24.40318302387268
Bryan,2023,24.2603550295858
Bryan,2024,21.428571428571427
Bulloch,2018,25.22851919561243
Bulloch,2019,26.011560693641616
Bulloch,2020,26.47058823529412
Bulloch,2021,24.652087475149106
Bulloch,2022,24.742268041237114
Bulloch,2023,24.50199203187251
Bulloch,2024,24.173553719008265
Burke,2018,22.277227722772277
Burke,2019,24.293785310734464
Burke,2020,25.882352941176475
Burke,2021,23.391812865497073
Burke,2022,23.121387283236995
Burke,2023,23.42857142857143
Burke,2024,27.325581395348834
Butts,2018,24.358974358974358
Butts,2019,25.78616352201258
Butts,2020,25.165562913907287
Butts,2021,18.93491124260355
Butts,2022,24.431818181818183
Butts,2023,17.8343949044586
Butts,2024,19.58041958041958
Calhoun,2018,25
Calhoun,2019,31.03448275862069
Calhoun,2020,25
Calhoun,2021,35.294117647058826
Calhoun,2022,39.285714285714285
Calhoun,2023,28.000000000000004
Calhoun,2024,34.48275862068966
Camden,2018,22.371364653243848
Camden,2019,25.86605080831409
Camden,2020,28.438228438228435
Camden,2021,23.25581395348837
Camden,2022,24.20814479638009
Camden,2023,25.062656641604008
Camden,2024,24.170616113744074
Candler,2018,34.24657534246575
Candler,2019,24.137931034482758
Candler,2020,24.691358024691358
Candler,2021,20.833333333333336
Candler,2022,25.925925925925924
Candler,2023,21.428571428571427
Candler,2024,30.666666666666664
Carroll,2018,23.314917127071823
Carroll,2019,25.302530253025303
Carroll,2020,25.843881856540087
Carroll,2021,26.004464285714285
Carroll,2022,23.66325369738339
Carroll,2023,25.892857142857146
Carroll,2024,26.94063926940639
Catoosa,2018,28.703703703703702
Catoosa,2019,26.071428571428573
Catoosa,2020,21.693121693121693
Catoosa,2021,23.452768729641694
Catoosa,2022,26.08695652173913
Catoosa,2023,23.474178403755868
Catoosa,2024,27.27272727272727
Charlton,2018,18.666666666666668
Charlton,2019,15.873015873015872
Charlton,2020,23.4375
Charlton,2021,22.666666666666664
Charlton,2022,30
Charlton,2023,18.30985915492958
Charlton,2024,37.28813559322034
Chatham,2018,23.191899710703954
Chatham,2019,23.034825870646767
Chatham,2020,23.22250639386189
Chatham,2021,22.49877989263055
Chatham,2022,24.091587854654055
Chatham,2023,26.27471383975026
Chatham,2024,21.633085896076352
Chattahoochee,2018,28.888888888888886
Chattahoochee,2019,20.869565217391305
Chattahoochee,2020,17.02127659574468
Chattahoochee,2021,28.971962616822427
Chattahoochee,2022,30.18867924528302
Chattahoochee,2023,34.40860215053764
Chattahoochee,2024,32.89473684210527
Chattooga,2018,21.511627906976745
Chattooga,2019,31.666666666666664
Chattooga,2020,28.859060402684566
Chattooga,2021,29.53020134228188
Chattooga,2022,25.49019607843137
Chattooga,2023,26.119402985074625
Chattooga,2024,31.57894736842105
Cherokee,2018,21.79720704310868
Cherokee,2019,22.341696535244925
Cherokee,2020,22.961513372472275
Cherokee,2021,24.261725535610886
Cherokee,2022,22.781065088757398
Cherokee,2023,25.649717514124294
Cherokee,2024,26.3395375070502
Clarke,2018,29.42028985507246
Clarke,2019,25.771604938271604
Clarke,2020,25.83201267828843
Clarke,2021,24.663677130044842
Clarke,2022,26.656626506024097
Clarke,2023,28.30820770519263
Clarke,2024,22.703639514731368
Clay,2018,-5
Clay,2019,-5
Clay,2020,-5
Clay,2021,0
Clay,2022,-5
Clay,2023,0
Clay,2024,46.15384615384615
Clayton,2018,24.595055413469737
Clayton,2019,24.25124792013311
Clayton,2020,26.913155631986243
Clayton,2021,23.838737949167395
Clayton,2022,22.503328894806923
Clayton,2023,23.26007326007326
Clayton,2024,24.54835281615303
Clinch,2018,25
Clinch,2019,21.428571428571427
Clinch,2020,38.333333333333336
Clinch,2021,33.92857142857143
Clinch,2022,41.07142857142857
Clinch,2023,31.25
Clinch,2024,28.26086956521739
Cobb,2018,22.97212324460281
Cobb,2019,21.61141418380193
Cobb,2020,22.138228941684666
Cobb,2021,20.228281547241597
Cobb,2022,21.668081494057727
Cobb,2023,21.799010114052074
Cobb,2024,23.687484448867878
Coffee,2018,29.595015576323984
Coffee,2019,22.875816993464053
Coffee,2020,23.432343234323433
Coffee,2021,24.914675767918087
Coffee,2022,29.276315789473685
Coffee,2023,27.75800711743772
Coffee,2024,23.875432525951556
Colquitt,2018,24.396135265700483
Colquitt,2019,26.900584795321635
Colquitt,2020,22.97979797979798
Colquitt,2021,26.109660574412537
Colquitt,2022,25
Colquitt,2023,32.27665706051873
Colquitt,2024,22.888283378746593
Columbia,2018,21.32616487455197
Columbia,2019,21.32701421800948
Columbia,2020,21.44748455428067
Columbia,2021,22.70663033605813
Columbia,2022,21.793721973094172
Columbia,2023,23.91304347826087
Columbia,2024,22.04724409448819
Cook,2018,25.547445255474454
Cook,2019,24.817518248175183
Cook,2020,24.242424242424242
Cook,2021,27.40740740740741
Cook,2022,29.1044776119403
Cook,2023,34.05797101449276
Cook,2024,27.941176470588236
Coweta,2018,21.397849462365592
Coweta,2019,22.06035379812695
Coweta,2020,21.28654970760234
Coweta,2021,24.946004319654428
Coweta,2022,24.97451580020387
Coweta,2023,24.63465553235908
Coweta,2024,25.952626158599383
Crawford,2018,25.333333333333336
Crawford,2019,17.94871794871795
Crawford,2020,25.675675675675674
Crawford,2021,21.875
Crawford,2022,20.51282051282051
Crawford,2023,25
Crawford,2024,22.950819672131146
Crisp,2018,27.54491017964072
Crisp,2019,21.192052980132452
Crisp,2020,26.82926829268293
Crisp,2021,28.666666666666668
Crisp,2022,29.629629629629626
Crisp,2023,22.69503546099291
Crisp,2024,28.78787878787879
Dade,2018,25
Dade,2019,31.746031746031743
Dade,2020,25.64102564102564
Dade,2021,26.785714285714285
Dade,2022,17.741935483870968
Dade,2023,17.02127659574468
Dade,2024,19.642857142857142
Dawson,2018,24.489795918367346
Dawson,2019,17.901234567901234
Dawson,2020,27.10843373493976
Dawson,2021,17.058823529411764
Dawson,2022,27.37430167597765
Dawson,2023,25.263157894736842
Dawson,2024,25.2
Decatur,2018,30.962343096234306
Decatur,2019,30.357142857142854
Decatur,2020,27.966101694915253
Decatur,2021,23.618090452261306
Decatur,2022,26.027397260273972
Decatur,2023,28.333333333333332
Decatur,2024,27.927927927927925
DeKalb,2018,24.06027768371148
DeKalb,2019,25.38860103626943
DeKalb,2020,21.435092203761183
DeKalb,2021,22.98744460856721
DeKalb,2022,23.042304230423042
DeKalb,2023,22.95275590551181
DeKalb,2024,22.495606326889277
Dodge,2018,22.22222222222222
Dodge,2019,28.799999999999997
Dodge,2020,30.833333333333336
Dodge,2021,27.027027027027028
Dodge,2022,36
Dodge,2023,24.427480916030532
Dodge,2024,38.31775700934579
Dooly,2018,32.25806451612903
Dooly,2019,25.71428571428571
Dooly,2020,28.8135593220339
Dooly,2021,23.728813559322035
Dooly,2022,21.875
Dooly,2023,20.634920634920633
Dooly,2024,23.076923076923077
Dougherty,2018,25.65880721220527
Dougherty,2019,26.859504132231404
Dougherty,2020,26.431718061674008
Dougherty,2021,25.948406676783005
Dougherty,2022,25.908372827804104
Dougherty,2023,29.793977812995248
Dougherty,2024,25.080906148867317
Douglas,2018,24.898785425101213
Douglas,2019,21.32132132132132
Douglas,2020,20.470829068577277
Douglas,2021,19.783464566929133
Douglas,2022,19.921491658488712
Douglas,2023,24.701195219123505
Douglas,2024,23.355263157894736
Early,2018,21.62162162162162
Early,2019,21.794871794871796
Early,2020,28.37837837837838
Early,2021,37.096774193548384
Early,2022,23.076923076923077
Early,2023,25.64102564102564
Early,2024,21.875
Echols,2018,-5
Echols,2019,12.195121951219512
Echols,2020,27.27272727272727
Echols,2021,20
Echols,2022,23.684210526315788
Echols,2023,21.875
Echols,2024,28.125
Effingham,2018,23.2421875
Effingham,2019,21.818181818181817
Effingham,2020,22.957198443579767
Effingham,2021,23.00380228136882
Effingham,2022,26.653696498054476
Effingham,2023,22.348484848484848
Effingham,2024,22.433460076045627
Elbert,2018,20.930232558139537
Elbert,2019,19.25925925925926
Elbert,2020,24.770642201834864
Elbert,2021,24.031007751937985
Elbert,2022,27.34375
Elbert,2023,27.55102040816326
Elbert,2024,27
Emanuel,2018,25.60386473429952
Emanuel,2019,25.842696629213485
Emanuel,2020,31.213872832369944
Emanuel,2021,27.77777777777778
Emanuel,2022,21.465968586387437
Emanuel,2023,26.842105263157894
Emanuel,2024,29.166666666666668
Evans,2018,28.915662650602407
Evans,2019,24.719101123595504
Evans,2020,32.55813953488372
Evans,2021,25.609756097560975
Evans,2022,31.506849315068493
Evans,2023,31.818181818181817
Evans,2024,27.956989247311824
Fannin,2018,21.929824561403507
Fannin,2019,32.69230769230769
Fannin,2020,22.641509433962266
Fannin,2021,26.96629213483146
Fannin,2022,28.28282828282828
Fannin,2023,24.444444444444443
Fannin,2024,19.166666666666668
Fayette,2018,23.66737739872068
Fayette,2019,23.217922606924642
Fayette,2020,23.588709677419356
Fayette,2021,22.160148975791433
Fayette,2022,21.10912343470483
Fayette,2023,22.884615384615383
Fayette,2024,22.40663900414938
Floyd,2018,26.21776504297994
Floyd,2019,23.77521613832853
Floyd,2020,24.63126843657817
Floyd,2021,26.77165354330709
Floyd,2022,26.814814814814813
Floyd,2023,27.131782945736433
Floyd,2024,28.591749644381224
Forsyth,2018,18.5546875
Forsyth,2019,18.360433604336045
Forsyth,2020,18.890449438202246
Forsyth,2021,18.98054996646546
Forsyth,2022,18.449711723254325
Forsyth,2023,19.2
Forsyth,2024,19.750367107195302
Franklin,2018,26.25
Franklin,2019,23.837209302325583
Franklin,2020,23.31288343558282
Franklin,2021,34.5679012345679
Franklin,2022,30.201342281879196
Franklin,2023,30.057803468208093
Franklin,2024,29.87012987012987
Fulton,2018,23.597521200260925
Fulton,2019,24.235633103889867
Fulton,2020,22.694425326909844
Fulton,2021,22.27953410981697
Fulton,2022,24.727992087042534
Fulton,2023,22.96831955922865
Fulton,2024,24.503445480340496
Gilmer,2018,28.037383177570092
Gilmer,2019,21.105527638190953
Gilmer,2020,26.737967914438503
Gilmer,2021,30.409356725146196
Gilmer,2022,25.380710659898476
Gilmer,2023,23.28767123287671
Gilmer,2024,26.732673267326735
Glascock,2018,35
Glascock,2019,50
Glascock,2020,-5
Glascock,2021,40
Glascock,2022,-5
Glascock,2023,20
Glascock,2024,-5
Glynn,2018,29.327902240325866
Glynn,2019,25.158562367864697
Glynn,2020,24.54954954954955
Glynn,2021,23.946784922394677
Glynn,2022,26.679841897233203
Glynn,2023,26.037735849056602
Glynn,2024,24.9554367201426
Gordon,2018,25.6857855361596
Gordon,2019,23.869346733668344
Gordon,2020,23.56020942408377
Gordon,2021,18.133333333333333
Gordon,2022,24.937027707808564
Gordon,2023,22.135416666666664
Gordon,2024,24.67866323907455
Grady,2018,26.39593908629442
Grady,2019,22.702702702702705
Grady,2020,25.274725274725274
Grady,2021,22.22222222222222
Grady,2022,24.861878453038674
Grady,2023,27.42857142857143
Grady,2024,27.84090909090909
Greene,2018,21.49532710280374
Greene,2019,20.87912087912088
Greene,2020,31.25
Greene,2021,31.08108108108108
Greene,2022,33.33333333333333
Greene,2023,21.25
Greene,2024,25.263157894736842
Gwinnett,2018,21.080919677515677
Gwinnett,2019,21.192930780559646
Gwinnett,2020,21.35609598969238
Gwinnett,2021,20.247687257535063
Gwinnett,2022,19.768953068592058
Gwinnett,2023,21.445856019358743
Gwinnett,2024,20.952023988005998
Habersham,2018,25.75250836120401
Habersham,2019,27.77777777777778
Habersham,2020,23.04832713754647
Habersham,2021,24.68354430379747
Habersham,2022,28.676470588235293
Habersham,2023,21.782178217821784
Habersham,2024,27.728613569321535
Hall,2018,22.295081967213115
Hall,2019,24.934725848563968
Hall,2020,23.6734693877551
Hall,2021,24.409448818897637
Hall,2022,24.371859296482413
Hall,2023,22.899408284023668
Hall,2024,25.669642857142854
Hancock,2018,-5
Hancock,2019,23.076923076923077
Hancock,2020,-5
Hancock,2021,19.35483870967742
Hancock,2022,28.125
Hancock,2023,29.166666666666668
Hancock,2024,32.25806451612903
Haralson,2018,21.71717171717172
Haralson,2019,26.859504132231404
Haralson,2020,21.904761904761905
Haralson,2021,24.545454545454547
Haralson,2022,27.142857142857142
Haralson,2023,22.869955156950674
Haralson,2024,25
Harris,2018,23.214285714285715
Harris,2019,24.840764331210192
Harris,2020,26.96629213483146
Harris,2021,24.63054187192118
Harris,2022,24.083769633507853
Harris,2023,18.75
Harris,2024,18.848167539267017
Hart,2018,24
Hart,2019,31.70731707317073
Hart,2020,30.87248322147651
Hart,2021,24.571428571428573
Hart,2022,24.550898203592812
Hart,2023,29.585798816568047
Hart,2024,25.36231884057971
Heard,2018,19.54022988505747
Heard,2019,35.8974358974359
Heard,2020,27.160493827160494
Heard,2021,26.96629213483146
Heard,2022,40
Heard,2023,21.25
Heard,2024,22.36842105263158
Henry,2018,23.32339791356185
Henry,2019,21.954576737783896
Henry,2020,22.657342657342657
Henry,2021,20.92105263157895
Henry,2022,21.54903185509057
Henry,2023,23.741496598639454
Henry,2024,23.281907433380084
Houston,2018,23.781009409751924
Houston,2019,23.346938775510203
Houston,2020,23.67066895368782
Houston,2021,22.561492790500424
Houston,2022,24.151539068666143
Houston,2023,23.272438443208895
Houston,2024,24.525185796862097
Irwin,2018,26.08695652173913
Irwin,2019,27.941176470588236
Irwin,2020,26.923076923076923
Irwin,2021,29.230769230769234
Irwin,2022,27.083333333333332
Irwin,2023,35.18518518518518
Irwin,2024,34.61538461538461
Jackson,2018,22.813688212927758
Jackson,2019,23.962264150943398
Jackson,2020,23.31288343558282
Jackson,2021,23.19327731092437
Jackson,2022,23.693379790940767
Jackson,2023,25.161290322580644
Jackson,2024,30.128205128205128
Jasper,2018,22.22222222222222
Jasper,2019,22.58064516129032
Jasper,2020,18.666666666666668
Jasper,2021,32.631578947368425
Jasper,2022,21.84873949579832
Jasper,2023,29.72972972972973
Jasper,2024,24.731182795698924
Jeff Davis,2018,36.03603603603604
Jeff Davis,2019,19.548872180451127
Jeff Davis,2020,21.49532710280374
Jeff Davis,2021,19.35483870967742
Jeff Davis,2022,25.24271844660194
Jeff Davis,2023,27.659574468085108
Jeff Davis,2024,24.752475247524753
Jefferson,2018,27.966101694915253
Jefferson,2019,21.62162162162162
Jefferson,2020,24
Jefferson,2021,26.373626373626376
Jefferson,2022,28.037383177570092
Jefferson,2023,23
Jefferson,2024,37.03703703703704
Jenkins,2018,24.561403508771928
Jenkins,2019,27.27272727272727
Jenkins,2020,28.07017543859649
Jenkins,2021,33.87096774193548
Jenkins,2022,23.728813559322035
Jenkins,2023,32.142857142857146
Jenkins,2024,25
Johnson,2018,25
Johnson,2019,22.78481012658228
Johnson,2020,27.86885245901639
Johnson,2021,18.181818181818183
Johnson,2022,35.59322033898305
Johnson,2023,31.03448275862069
Johnson,2024,31.25
Jones,2018,22.35294117647059
Jones,2019,25
Jones,2020,26.993865030674847
Jones,2021,23.636363636363637
Jones,2022,26.543209876543212
Jones,2023,29.714285714285715
Jones,2024,21.637426900584796
Lamar,2018,23.4375
Lamar,2019,20.634920634920633
Lamar,2020,20
Lamar,2021,21.951219512195124
Lamar,2022,26.27118644067797
Lamar,2023,20.945945945945947
Lamar,2024,24.031007751937985
Lanier,2018,21.73913043478261
Lanier,2019,20.792079207920793
Lanier,2020,26.666666666666668
Lanier,2021,30.58823529411765
Lanier,2022,30.985915492957744
Lanier,2023,26.436781609195403
Lanier,2024,24.050632911392405
Laurens,2018,27.296587926509186
Laurens,2019,22.337662337662337
Laurens,2020,25.149700598802394
Laurens,2021,24.793388429752067
Laurens,2022,25.787965616045845
Laurens,2023,23.298429319371728
Laurens,2024,26.01626016260163
Lee,2018,16.444444444444446
Lee,2019,17.391304347826086
Lee,2020,22.613065326633166
Lee,2021,19.473684210526315
Lee,2022,22.660098522167488
Lee,2023,27.835051546391753
Lee,2024,20.833333333333336
Liberty,2018,27.681159420289852
Liberty,2019,24.9669749009247
Liberty,2020,27.64786795048143
Liberty,2021,28.317373461012313
Liberty,2022,27.11864406779661
Liberty,2023,30.90659340659341
Liberty,2024,29.805013927576603
Lincoln,2018,27.450980392156865
Lincoln,2019,18.51851851851852
Lincoln,2020,37.5
Lincoln,2021,24.489795918367346
Lincoln,2022,21.153846153846153
Lincoln,2023,28.26086956521739
Lincoln,2024,21.428571428571427
Long,2018,25.82417582417583
Long,2019,22.727272727272727
Long,2020,24.85207100591716
Long,2021,28.651685393258425
Long,2022,27.127659574468083
Long,2023,23.88059701492537
Long,2024,20.093457943925234
Lowndes,2018,24.352331606217618
Lowndes,2019,25.8252427184466
Lowndes,2020,25.799338478500548
Lowndes,2021,27.634194831013914
Lowndes,2022,27.094668117519046
Lowndes,2023,30.26166097838453
Lowndes,2024,27.37556561085973
Lumpkin,2018,35.11904761904761
Lumpkin,2019,21.686746987951807
Lumpkin,2020,30.967741935483872
Lumpkin,2021,25.443786982248522
Lumpkin,2022,21.465968586387437
Lumpkin,2023,22.459893048128343
Lumpkin,2024,28.061224489795915
McDuffie,2018,21.301775147928996
McDuffie,2019,23.636363636363637
McDuffie,2020,34.899328859060404
McDuffie,2021,25.308641975308642
McDuffie,2022,24.074074074074073
McDuffie,2023,29.770992366412212
McDuffie,2024,21.323529411764707
McIntosh,2018,27.659574468085108
McIntosh,2019,29.82456140350877
McIntosh,2020,27.77777777777778
McIntosh,2021,16.666666666666664
McIntosh,2022,28.57142857142857
McIntosh,2023,24.615384615384617
McIntosh,2024,33.33333333333333
Macon,2018,19.402985074626866
Macon,2019,23.333333333333332
Macon,2020,29.166666666666668
Macon,2021,25.97402597402597
Macon,2022,28.915662650602407
Macon,2023,32.89473684210527
Macon,2024,26.08695652173913
Madison,2018,24.725274725274726
Madison,2019,25.116279069767444
Madison,2020,20.408163265306122
Madison,2021,29.333333333333332
Madison,2022,31.25
Madison,2023,23
Madison,2024,21.07843137254902
Marion,2018,20.634920634920633
Marion,2019,33.33333333333333
Marion,2020,28.000000000000004
Marion,2021,18.181818181818183
Marion,2022,17.02127659574468
Marion,2023,24.561403508771928
Marion,2024,26.190476190476193
Meriwether,2018,23.448275862068964
Meriwether,2019,34.32835820895522
Meriwether,2020,24.817518248175183
Meriwether,2021,25.675675675675674
Meriwether,2022,32.3943661971831
Meriwether,2023,30.82706766917293
Meriwether,2024,26.153846153846157
Miller,2018,-5
Miller,2019,34.285714285714285
Miller,2020,19.444444444444446
Miller,2021,20
Miller,2022,32.25806451612903
Miller,2023,28.205128205128204
Miller,2024,32.55813953488372
Mitchell,2018,30.935251798561154
Mitchell,2019,27.64227642276423
Mitchell,2020,20.754716981132077
Mitchell,2021,18.30985915492958
Mitchell,2022,20.97902097902098
Mitchell,2023,29.411764705882355
Mitchell,2024,30.53435114503817
Monroe,2018,23.92638036809816
Monroe,2019,24.503311258278146
Monroe,2020,30.952380952380953
Monroe,2021,19.35483870967742
Monroe,2022,22.54335260115607
Monroe,2023,20.73170731707317
Monroe,2024,21.34831460674157
Montgomery,2018,22.950819672131146
Montgomery,2019,33.92857142857143
Montgomery,2020,19.230769230769234
Montgomery,2021,24.615384615384617
Montgomery,2022,29.78723404255319
Montgomery,2023,23.943661971830984
Montgomery,2024,23.076923076923077
Morgan,2018,24.409448818897637
Morgan,2019,21.705426356589147
Morgan,2020,19.491525423728813
Morgan,2021,17.94871794871795
Morgan,2022,20.175438596491226
Morgan,2023,16.101694915254235
Morgan,2024,24.545454545454547
Murray,2018,22.58064516129032
Murray,2019,31.528662420382165
Murray,2020,22.60536398467433
Murray,2021,19.243986254295535
Murray,2022,23.595505617977526
Murray,2023,27.68166089965398
Murray,2024,24.149659863945576
Muscogee,2018,26.01880877742947
Muscogee,2019,27.152777777777775
Muscogee,2020,27.200971463266544
Muscogee,2021,27.341294783155245
Muscogee,2022,25.795971410006498
Muscogee,2023,25.85428755641522
Muscogee,2024,26.634549208534068
Newton,2018,24.158653846153847
Newton,2019,23.739237392373923
Newton,2020,23.25581395348837
Newton,2021,23.552123552123554
Newton,2022,24.75369458128079
Newton,2023,24.84774665042631
Newton,2024,23.77892030848329
Oconee,2018,19.196428571428573
Oconee,2019,14.285714285714285
Oconee,2020,21.55963302752294
Oconee,2021,22.17391304347826
Oconee,2022,22.666666666666664
Oconee,2023,21.787709497206702
Oconee,2024,22.404371584699454
Oglethorpe,2018,25.263157894736842
Oglethorpe,2019,24.489795918367346
Oglethorpe,2020,27.86885245901639
Oglethorpe,2021,12.345679012345679
Oglethorpe,2022,26.41509433962264
Oglethorpe,2023,35.63218390804598
Oglethorpe,2024,25.49019607843137
Paulding,2018,21.81670721816707
Paulding,2019,21.815154038301415
Paulding,2020,22.785898538263112
Paulding,2021,22.03659506762132
Paulding,2022,23.599052880820835
Paulding,2023,21.9070133963751
Paulding,2024,23.12091503267974
Peach,2018,20.23121387283237
Peach,2019,28.07017543859649
Peach,2020,22.916666666666664
Peach,2021,27.160493827160494
Peach,2022,29.746835443037973
Peach,2023,25.862068965517242
Peach,2024,21.910112359550563
Pickens,2018,24.71264367816092
Pickens,2019,20.710059171597635
Pickens,2020,25.568181818181817
Pickens,2021,24.33862433862434
Pickens,2022,24.456521739130434
Pickens,2023,25.654450261780106
Pickens,2024,26.6304347826087
Pierce,2018,26.519337016574585
Pierce,2019,21.27659574468085
Pierce,2020,26.71232876712329
Pierce,2021,22
Pierce,2022,29.411764705882355
Pierce,2023,23.846153846153847
Pierce,2024,18.571428571428573
Pike,2018,16.535433070866144
Pike,2019,24.8
Pike,2020,16.428571428571427
Pike,2021,23.008849557522122
Pike,2022,22.22222222222222
Pike,2023,19.82758620689655
Pike,2024,28.440366972477065
Polk,2018,26.740947075208915
Polk,2019,25.595238095238095
Polk,2020,25.79710144927536
Polk,2021,26.948051948051948
Polk,2022,25.90529247910863
Polk,2023,27.22063037249284
Polk,2024,26.420454545454547
Pulaski,2018,24.285714285714285
Pulaski,2019,19.642857142857142
Pulaski,2020,18.181818181818183
Pulaski,2021,38.18181818181819
Pulaski,2022,17.46031746031746
Pulaski,2023,25
Pulaski,2024,27.659574468085108
Putnam,2018,19.083969465648856
Putnam,2019,22.69503546099291
Putnam,2020,21.48148148148148
Putnam,2021,26.797385620915033
Putnam,2022,26.5625
Putnam,2023,22.83464566929134
Putnam,2024,19.548872180451127
Quitman,2018,-5
Quitman,2019,50
Quitman,2020,-5
Quitman,2021,35.714285714285715
Quitman,2022,46.666666666666664
Quitman,2023,46.15384615384615
Quitman,2024,0
Rabun,2018,19.51219512195122
Rabun,2019,20.87912087912088
Rabun,2020,27.27272727272727
Rabun,2021,34.48275862068966
Rabun,2022,23.75
Rabun,2023,21.666666666666668
Rabun,2024,28.57142857142857
Randolph,2018,44.827586206896555
Randolph,2019,33.33333333333333
Randolph,2020,25
Randolph,2021,34.21052631578947
Randolph,2022,33.33333333333333
Randolph,2023,-5
Randolph,2024,41.46341463414634
Richmond,2018,28.16377171215881
Richmond,2019,26.71437090041741
Richmond,2020,29.239401496259354
Richmond,2021,28.16166883963494
Richmond,2022,25.777202072538863
Richmond,2023,28.276307295029053
Richmond,2024,27.18378756114605
Rockdale,2018,24.035087719298247
Rockdale,2019,21.933085501858738
Rockdale,2020,21.59709618874773
Rockdale,2021,19.34306569343066
Rockdale,2022,21.863799283154123
Rockdale,2023,27.121771217712176
Rockdale,2024,22.65625
Schley,2018,29.629629629629626
Schley,2019,24.242424242424242
Schley,2020,25
Schley,2021,25.806451612903224
Schley,2022,28.57142857142857
Schley,2023,-5
Schley,2024,21.428571428571427
Screven,2018,23.96694214876033
Screven,2019,25.961538461538463
Screven,2020,22.330097087378643
Screven,2021,16.129032258064516
Screven,2022,14.772727272727273
Screven,2023,27.61904761904762
Screven,2024,24.528301886792452
Seminole,2018,22.22222222222222
Seminole,2019,24.561403508771928
Seminole,2020,18.75
Seminole,2021,25.49019607843137
Seminole,2022,25.49019607843137
Seminole,2023,22.22222222222222
Seminole,2024,24.528301886792452
Spalding,2018,26.953125
Spalding,2019,25.142857142857146
Spalding,2020,27.400000000000002
Spalding,2021,27.237354085603112
Spalding,2022,26.89393939393939
Spalding,2023,25.45824847250509
Spalding,2024,25.75107296137339
Stephens,2018,22.660098522167488
Stephens,2019,26.984126984126984
Stephens,2020,28.488372093023255
Stephens,2021,25.806451612903224
Stephens,2022,31.05590062111801
Stephens,2023,28.994082840236686
Stephens,2024,25.423728813559322
Stewart,2018,31.25
Stewart,2019,-5
Stewart,2020,46.666666666666664
Stewart,2021,47.368421052631575
Stewart,2022,23.809523809523807
Stewart,2023,-5
Stewart,2024,-5
Sumter,2018,19.90950226244344
Sumter,2019,25.247524752475247
Sumter,2020,22.831050228310502
Sumter,2021,27.403846153846157
Sumter,2022,23.893805309734514
Sumter,2023,26.851851851851855
Sumter,2024,27.093596059113302
Talbot,2018,30
Talbot,2019,-5
Talbot,2020,-5
Talbot,2021,-5
Talbot,2022,-5
Talbot,2023,41.37931034482759
Talbot,2024,48.148148148148145
Taliaferro,2018,-5
Taliaferro,2019,-5
Taliaferro,2020,83.33333333333334
Taliaferro,2021,-5
Taliaferro,2022,-5
Taliaferro,2023,-5
Taliaferro,2024,-5
Tattnall,2018,27.044025157232703
Tattnall,2019,21.472392638036812
Tattnall,2020,28.57142857142857
Tattnall,2021,26.190476190476193
Tattnall,2022,26.011560693641616
Tattnall,2023,29.11392405063291
Tattnall,2024,25.165562913907287
Taylor,2018,31.48148148148148
Taylor,2019,30.76923076923077
Taylor,2020,26
Taylor,2021,30.434782608695656
Taylor,2022,21.153846153846153
Taylor,2023,25.423728813559322
Taylor,2024,29.72972972972973
Telfair,2018,28.57142857142857
Telfair,2019,34.177215189873415
Telfair,2020,28.000000000000004
Telfair,2021,20.689655172413794
Telfair,2022,33.33333333333333
Telfair,2023,21.12676056338028
Telfair,2024,24.528301886792452
Terrell,2018,21.12676056338028
Terrell,2019,16.129032258064516
Terrell,2020,17.142857142857142
Terrell,2021,35.08771929824561
Terrell,2022,25
Terrell,2023,27.586206896551722
Terrell,2024,28.000000000000004
Thomas,2018,25.71428571428571
Thomas,2019,23.919308357348704
Thomas,2020,22.903225806451612
Thomas,2021,24.74916387959866
Thomas,2022,29.13907284768212
Thomas,2023,26.36103151862464
Thomas,2024,26.573426573426573
Tift,2018,24.84472049689441
Tift,2019,25.892857142857146
Tift,2020,25
Tift,2021,27.92207792207792
Tift,2022,29.77941176470588
Tift,2023,26.76056338028169
Tift,2024,31.79190751445087
Toombs,2018,19.130434782608695
Toombs,2019,25.101214574898783
Toombs,2020,25.301204819277107
Toombs,2021,24
Toombs,2022,29.268292682926827
Toombs,2023,24.463519313304722
Toombs,2024,25.877192982456144
Towns,2018,20
Towns,2019,20.754716981132077
Towns,2020,17.02127659574468
Towns,2021,37.5
Towns,2022,41.30434782608695
Towns,2023,21.875
Towns,2024,51.35135135135135
Treutlen,2018,19.565217391304348
Treutlen,2019,21.27659574468085
Treutlen,2020,13.157894736842104
Treutlen,2021,23.404255319148938
Treutlen,2022,25.49019607843137
Treutlen,2023,27.500000000000004
Treutlen,2024,25
Troup,2018,26.881720430107524
Troup,2019,24.772313296903462
Troup,2020,27.125506072874494
Troup,2021,22.962962962962962
Troup,2022,25.225225225225223
Troup,2023,26.81992337164751
Troup,2024,21.4
Turner,2018,26.38888888888889
Turner,2019,27.27272727272727
Turner,2020,26.31578947368421
Turner,2021,26.153846153846157
Turner,2022,25
Turner,2023,29.577464788732392
Turner,2024,30.76923076923077
Twiggs,2018,26.53061224489796
Twiggs,2019,20
Twiggs,2020,31.57894736842105
Twiggs,2021,29.545454545454547
Twiggs,2022,35.294117647058826
Twiggs,2023,-5
Twiggs,2024,28.947368421052634
Union,2018,26.785714285714285
Union,2019,21.052631578947366
Union,2020,25.882352941176475
Union,2021,21.978021978021978
Union,2022,20
Union,2023,30.23255813953488
Union,2024,23.275862068965516
Upson,2018,28.49462365591398
Upson,2019,23.589743589743588
Upson,2020,21.93877551020408
Upson,2021,25.118483412322274
Upson,2022,24.861878453038674
Upson,2023,23.88059701492537
Upson,2024,25.142857142857146
Walker,2018,27.299703264094955
Walker,2019,27.35562310030395
Walker,2020,29.72972972972973
Walker,2021,26.00732600732601
Walker,2022,30.314960629921263
Walker,2023,30.939226519337016
Walker,2024,21.142857142857142
Walton,2018,21.996879875195006
Walton,2019,21.487603305785125
Walton,2020,24.92063492063492
Walton,2021,25.71428571428571
Walton,2022,23.03030303030303
Walton,2023,22.96875
Walton,2024,24.496124031007753
Ware,2018,32.467532467532465
Ware,2019,26.31578947368421
Ware,2020,31.93548387096774
Ware,2021,31.679389312977097
Ware,2022,28.72727272727273
Ware,2023,28.73134328358209
Ware,2024,24.21875
Warren,2018,15.151515151515152
Warren,2019,23.25581395348837
Warren,2020,38.88888888888889
Warren,2021,27.27272727272727
Warren,2022,21.62162162162162
Warren,2023,31.25
Warren,2024,33.33333333333333
Washington,2018,23.076923076923077
Washington,2019,22.857142857142858
Washington,2020,20.353982300884958
Washington,2021,25.40983606557377
Washington,2022,22.689075630252102
Washington,2023,27.058823529411764
Washington,2024,28.07017543859649
Wayne,2018,26.495726495726498
Wayne,2019,26.72811059907834
Wayne,2020,26.51162790697674
Wayne,2021,31.606217616580313
Wayne,2022,28.14070351758794
Wayne,2023,22.22222222222222
Wayne,2024,27.906976744186046
Webster,2018,-5
Webster,2019,-5
Webster,2020,46.15384615384615
Webster,2021,-5
Webster,2022,-5
Webster,2023,33.33333333333333
Webster,2024,-5
Wheeler,2018,27.659574468085108
Wheeler,2019,33.33333333333333
Wheeler,2020,30
Wheeler,2021,-5
Wheeler,2022,22.727272727272727
Wheeler,2023,30.23255813953488
Wheeler,2024,31.03448275862069
White,2018,21.019108280254777
White,2019,22.151898734177212
White,2020,26.89655172413793
White,2021,22.818791946308725
White,2022,22.07792207792208
White,2023,24.691358024691358
White,2024,32.53012048192771
Whitfield,2018,23.536737235367372
Whitfield,2019,23.84937238493724
Whitfield,2020,22.56809338521401
Whitfield,2021,19.91701244813278
Whitfield,2022,21.88782489740082
Whitfield,2023,22.523744911804613
Whitfield,2024,23.066104078762308
Wilcox,2018,31.70731707317073
Wilcox,2019,18.75
Wilcox,2020,18.75
Wilcox,2021,34.78260869565217
Wilcox,2022,24.444444444444443
Wilcox,2023,44.73684210526316
Wilcox,2024,22.448979591836736
Wilkes,2018,20.634920634920633
Wilkes,2019,20.754716981132077
Wilkes,2020,20.833333333333336
Wilkes,2021,27.11864406779661
Wilkes,2022,21.568627450980394
Wilkes,2023,21.568627450980394
Wilkes,2024,20.3125
Wilkinson,2018,27.11864406779661
Wilkinson,2019,30
Wilkinson,2020,30.158730158730158
Wilkinson,2021,32.25806451612903
Wilkinson,2022,25.423728813559322
Wilkinson,2023,35.84905660377358
Wilkinson,2024,33.92857142857143
Worth,2018,23.972602739726025
Worth,2019,15.929203539823009
Worth,2020,21.897810218978105
Worth,2021,25.190839694656486
Worth,2022,24.637681159420293
Worth,2023,26.77165354330709
Worth,2024,26.495726495726498
Georgia,2018,23.955225922986397
Georgia,2019,23.71914683085042
Georgia,2020,23.842190657823576
Georgia,2021,23.38987320513897
Georgia,2022,23.94853348090758
Georgia,2023,24.298215706330264
Georgia,2024,24.50892518040258
